{
  "accuracy": [
    0.4187142848968506, 0.44449999928474426, 0.4762857258319855,
    0.5062500238418579, 0.5271785855293274, 0.541607141494751,
    0.5574643015861511, 0.5644285678863525, 0.5718571543693542,
    0.5837857127189636, 0.5864642858505249, 0.589821457862854,
    0.6018928289413452, 0.5961785912513733, 0.6040714383125305,
    0.6092857122421265, 0.6142857074737549, 0.619357168674469,
    0.6195356845855713, 0.6186071634292603, 0.6241785883903503,
    0.6228214502334595, 0.6236785650253296, 0.6259642839431763,
    0.6304285526275635, 0.6384642720222473, 0.6355714201927185,
    0.6383928656578064, 0.6368928551673889, 0.6426428556442261,
    0.6470357179641724, 0.6478214263916016, 0.6488214135169983,
    0.6534285545349121, 0.6538571715354919, 0.649071455001831,
    0.6518928408622742, 0.6570357084274292, 0.6547142863273621,
    0.6530357003211975
  ],
  "val_accuracy": [
    0.4028571546077728, 0.47685715556144714, 0.42985713481903076,
    0.3758571445941925, 0.5167142748832703, 0.4984285831451416,
    0.4567142724990845, 0.49714285135269165, 0.46957144141197205,
    0.365285724401474, 0.6144285798072815, 0.5907142758369446,
    0.6118571162223816, 0.6068571209907532, 0.5924285650253296,
    0.6141428351402283, 0.6051428318023682, 0.6161428689956665,
    0.6455714106559753, 0.5341428518295288, 0.6471428275108337,
    0.6231428384780884, 0.6259999871253967, 0.6254285573959351,
    0.6637142896652222, 0.6622856855392456, 0.6168571710586548,
    0.6492857336997986, 0.6602857112884521, 0.6552857160568237,
    0.6648571491241455, 0.675428569316864, 0.6759999990463257,
    0.6774285435676575, 0.6697142720222473, 0.6791428327560425,
    0.6777142882347107, 0.6791428327560425, 0.6768571138381958,
    0.6777142882347107
  ],
  "loss": [
    1.1354615688323975, 1.068716049194336, 1.0217176675796509,
    0.9726112484931946, 0.9458264708518982, 0.930283784866333,
    0.9086557626724243, 0.896702766418457, 0.8829337954521179,
    0.8709630370140076, 0.8638657331466675, 0.8590916991233826,
    0.8418498635292053, 0.8481884002685547, 0.8345078229904175,
    0.8337030410766602, 0.8261374235153198, 0.8151550889015198,
    0.8182504177093506, 0.8204478025436401, 0.8108635544776917,
    0.807310938835144, 0.8064960837364197, 0.8045592308044434,
    0.7911237478256226, 0.7922647595405579, 0.7916318774223328,
    0.7783084511756897, 0.7805788516998291, 0.7690123915672302,
    0.7674446702003479, 0.7648822665214539, 0.7634289264678955,
    0.7560691237449646, 0.7567726969718933, 0.7553278207778931,
    0.7515103220939636, 0.7484408617019653, 0.7493953704833984,
    0.7545475959777832
  ],
  "val_loss": [
    1.1042137145996094, 1.0295506715774536, 1.0664030313491821,
    1.075348973274231, 0.957646369934082, 1.0230690240859985,
    1.2113369703292847, 1.1636511087417603, 1.0934150218963623,
    2.314805746078491, 0.8192451000213623, 0.850184977054596,
    0.8240832686424255, 0.8075636625289917, 0.8497149348258972,
    0.8111633062362671, 0.8245312571525574, 0.8014824390411377,
    0.7616254687309265, 1.1434732675552368, 0.7513710260391235,
    0.7772172689437866, 0.7869357466697693, 0.7962785959243774,
    0.7331996560096741, 0.7319811582565308, 0.7886397838592529,
    0.7351929545402527, 0.738176703453064, 0.7438398003578186,
    0.7231155633926392, 0.7176401615142822, 0.7140839099884033,
    0.7078513503074646, 0.7083047032356262, 0.7064008116722107,
    0.7074740529060364, 0.7050395607948303, 0.7069255709648132,
    0.7059359550476074
  ],
  "epochs": 40,
  "final_val_accuracy": 0.6777142882347107,
  "best_val_accuracy": 0.6791428327560425,
  "dataset": "fairface-3class-realistic-bg",
  "background_types": ["gradient", "noise", "blur", "mixed"]
}
