{
  "accuracy": [
    0.2765144109725952, 0.28824731707572937, 0.2965196669101715,
    0.31444862484931946, 0.32334718108177185, 0.3364313542842865,
    0.34635159373283386, 0.3576231002807617, 0.36243489384651184,
    0.3705424964427948, 0.3705754280090332, 0.377628356218338,
    0.37917739152908325, 0.38632917404174805, 0.386592835187912,
    0.39301958680152893, 0.3918990194797516, 0.39328324794769287,
    0.3981609642505646, 0.3998088538646698
  ],
  "val_accuracy": [
    0.4093066155910492, 0.4719219505786896, 0.4844450354576111,
    0.4053519666194916, 0.5947798490524292, 0.623253345489502,
    0.6969417333602905, 0.6958871483802795, 0.6700500845909119,
    0.7052465081214905, 0.6986554265022278, 0.7205378413200378,
    0.7401793003082275, 0.7670709490776062, 0.7686527967453003,
    0.7798576354980469, 0.7596889138221741, 0.7938307523727417,
    0.7420247793197632, 0.7864487171173096
  ],
  "loss": [
    1.865492582321167, 1.6592953205108643, 1.560031771659851,
    1.4848995208740234, 1.4326261281967163, 1.3872958421707153,
    1.3558757305145264, 1.3258875608444214, 1.3052877187728882,
    1.286756157875061, 1.2811176776885986, 1.2716546058654785,
    1.2584933042526245, 1.2499220371246338, 1.240585207939148,
    1.2322516441345215, 1.224260926246643, 1.2170155048370361,
    1.218036413192749, 1.2054752111434937
  ],
  "val_loss": [
    1.6375584602355957, 1.479751467704773, 1.4711381196975708,
    2.9434475898742676, 1.2641727924346924, 1.103385329246521,
    0.8176328539848328, 0.840447187423706, 0.9032816886901855,
    0.8456353545188904, 0.8206997513771057, 0.7330998778343201,
    0.7112999558448792, 0.6456107497215271, 0.6171873211860657,
    0.5950873494148254, 0.6857144236564636, 0.5716478824615479,
    0.7217793464660645, 0.5881538987159729
  ],
  "epochs": 20,
  "final_val_accuracy": 0.7864487171173096,
  "best_val_accuracy": 0.7938307523727417
}
