{
  "accuracy": [
    0.5399261116981506, 0.6270531415939331, 0.6625745892524719,
    0.6746802926063538, 0.6922420859336853, 0.700653612613678,
    0.7094629406929016, 0.7162262201309204, 0.7270815372467041,
    0.7290139198303223, 0.7369139194488525, 0.7391872406005859,
    0.743790864944458, 0.7468030452728271, 0.772605836391449,
    0.7752202153205872, 0.7795964479446411, 0.7810741662979126,
    0.7852230668067932, 0.7939755320549011, 0.7894288301467896,
    0.7924978733062744, 0.7917022109031677, 0.7967036366462708,
    0.8161978125572205, 0.8276783227920532, 0.8222790360450745,
    0.8302358388900757, 0.8305200338363647, 0.8304063677787781,
    0.8362603187561035, 0.8416595458984375, 0.8392724990844727,
    0.8434213995933533, 0.8447285890579224, 0.8508667349815369,
    0.8614947199821472, 0.8624609112739563, 0.8683717250823975,
    0.8683717250823975, 0.8680306673049927, 0.8758738040924072,
    0.8796817064285278, 0.8833759427070618, 0.8832622766494751,
    0.8842853307723999, 0.8825234174728394, 0.8866723775863647,
    0.8868428468704224, 0.8876953721046448
  ],
  "val_accuracy": [
    0.5293315052986145, 0.35584357380867004, 0.4740791320800781,
    0.47726237773895264, 0.577080488204956, 0.5211459994316101,
    0.3585720658302307, 0.38085493445396423, 0.642337441444397,
    0.5027285218238831, 0.5584356784820557, 0.4486130177974701,
    0.5488858819007874, 0.5702592134475708, 0.7605729699134827,
    0.6543883681297302, 0.7116871476173401, 0.7446566820144653,
    0.793769896030426, 0.7751250863075256, 0.7419281601905823,
    0.6978172063827515, 0.6773533225059509, 0.7678490281105042,
    0.8003637790679932, 0.8069577217102051, 0.7746703028678894,
    0.8049113154411316, 0.811959981918335, 0.804229199886322,
    0.8121873736381531, 0.8021827936172485, 0.8053660988807678,
    0.780582070350647, 0.7903592586517334, 0.7839927077293396,
    0.8103683590888977, 0.8019554615020752, 0.8074124455451965,
    0.8008185625076294, 0.798999547958374, 0.8126420974731445,
    0.8058208227157593, 0.80945885181427, 0.8155980110168457,
    0.8140063881874084, 0.8080945611000061, 0.8099135756492615,
    0.8092314600944519, 0.8012732863426208
  ],
  "loss": [
    1.0243583917617798, 0.8559443950653076, 0.7521886229515076,
    0.7185158133506775, 0.6994701623916626, 0.687253475189209,
    0.6708637475967407, 0.658661425113678, 0.6438361406326294,
    0.6553308367729187, 0.6360732913017273, 0.6233246922492981,
    0.6274695992469788, 0.629927933216095, 0.546520471572876,
    0.5454561114311218, 0.5308287143707275, 0.5340216755867004,
    0.5224862098693848, 0.5168613791465759, 0.5094422101974487,
    0.5060933232307434, 0.5183814764022827, 0.5102928280830383,
    0.44856417179107666, 0.4236612319946289, 0.42527318000793457,
    0.41385242342948914, 0.41215404868125916, 0.4171927571296692,
    0.4039347171783447, 0.39203017950057983, 0.40399423241615295,
    0.38481855392456055, 0.387831449508667, 0.3671886622905731,
    0.34233006834983826, 0.3443271219730377, 0.3332565128803253,
    0.32210010290145874, 0.32518771290779114, 0.3080497086048126,
    0.302767276763916, 0.3003179132938385, 0.293429434299469,
    0.2893676161766052, 0.2916327714920044, 0.2845459580421448,
    0.2863636612892151, 0.28597313165664673
  ],
  "val_loss": [
    1.236574649810791, 3.5964086055755615, 1.608851671218872, 1.612104892730713,
    1.1115367412567139, 1.463558554649353, 4.675294399261475, 4.01039981842041,
    0.9481573700904846, 2.1796321868896484, 1.5755341053009033,
    2.838686466217041, 1.6198713779449463, 1.4537891149520874,
    0.5760911703109741, 1.0519630908966064, 0.7740988731384277,
    0.6623014211654663, 0.5049154162406921, 0.5637430548667908,
    0.7387130260467529, 0.8436000347137451, 0.9714887142181396,
    0.6140238046646118, 0.4989648163318634, 0.4837513864040375,
    0.5848212242126465, 0.4964373707771301, 0.4889833629131317,
    0.5024241805076599, 0.4687815308570862, 0.5108564496040344,
    0.5014875531196594, 0.6072840690612793, 0.5661971569061279,
    0.6038641929626465, 0.5167573094367981, 0.525018572807312,
    0.5279978513717651, 0.5498152375221252, 0.5553539991378784,
    0.5220063924789429, 0.5384431481361389, 0.5359264612197876,
    0.5168535113334656, 0.5202221274375916, 0.5363474488258362,
    0.5311453342437744, 0.5495977401733398, 0.5635269284248352
  ],
  "epochs": 50,
  "final_val_accuracy": 0.8012732863426208,
  "best_val_accuracy": 0.8155980110168457,
  "dataset": "celebamask-hq",
  "method": "hair-segmentation-masks"
}
